ds,yhat,yhat_lower,yhat_upper
03-01-2014,1548.287992,-2647.4079,5892.336166
04-01-2014,1053.068559,-2996.744674,5119.662602
05-01-2014,1144.803641,-2990.450984,5222.682782
06-01-2014,1270.094552,-2820.549094,5347.983335
07-01-2014,612.5913819,-3567.73865,4851.145568
09-01-2014,822.7233587,-3513.515756,4800.256706
10-01-2014,1043.492193,-3106.696264,5382.44716
11-01-2014,613.4539234,-3485.663815,4701.732043
13-01-2014,973.1502835,-3041.531039,4818.782736
14-01-2014,390.2112116,-3387.365657,4654.273454
15-01-2014,-467.7230852,-4461.30853,3428.249534
16-01-2014,748.1845059,-3732.43884,4818.777183
18-01-2014,674.71205,-3519.893717,4670.414508
19-01-2014,895.9315483,-3233.614753,5026.335246
20-01-2014,1146.681811,-3266.152556,5441.47516
21-01-2014,607.9991883,-3500.834642,4740.242793
23-01-2014,1026.142616,-3343.908659,5415.279931
26-01-2014,1186.15789,-2998.795142,5563.71952
27-01-2014,1420.011086,-3083.042855,5598.764246
28-01-2014,854.5897165,-3298.109161,4973.544647
30-01-2014,1192.970282,-2867.305143,5841.810526
31-01-2014,1447.749687,-2839.194809,5594.996971
01-02-2014,1030.987022,-3188.543098,5251.503956
02-02-2014,1185.133957,-3008.277643,5464.867244
03-02-2014,1355.976554,-2895.824656,5535.74465
04-02-2014,726.7447921,-3302.124716,4895.599667
06-02-2014,941.9402251,-3281.818376,5039.540384
07-02-2014,1140.703081,-3446.990526,5266.158023
08-02-2014,673.7605892,-3150.967372,4954.765787
11-02-2014,267.5950931,-4165.906087,4588.027525
12-02-2014,-668.1759267,-4874.22293,3166.591317
14-02-2014,672.9491444,-3540.616877,4787.021709
15-02-2014,226.2075789,-4145.42928,4246.061492
16-02-2014,369.1526654,-3804.232534,4303.544718
17-02-2014,548.4296769,-3671.27541,4633.5138
18-02-2014,-52.32150314,-4323.12461,4178.741692
20-02-2014,279.306268,-3822.368954,4240.638676
21-02-2014,564.5413675,-3699.774805,4630.317956
22-02-2014,201.1884156,-3866.738282,4354.058322
23-02-2014,431.3420475,-4116.498555,4589.25914
24-02-2014,699.9097811,-3749.35131,5249.340512
27-02-2014,693.1934835,-3606.540491,4641.763678
01-03-2014,767.96205,-3379.776774,4962.991282
02-03-2014,1063.162402,-2999.298714,4873.611798
03-03-2014,1387.396581,-2585.336979,5718.860075
04-03-2014,921.4196015,-3342.14906,5189.111714
05-03-2014,170.1974706,-3724.72548,4144.551113
07-03-2014,1856.160687,-2345.134959,5837.626423
10-03-2014,2140.220677,-2042.376939,6253.4505
11-03-2014,1635.920689,-2713.941065,5870.139713
14-03-2014,2397.903131,-1798.51993,6617.951452
15-03-2014,2032.067224,-1668.435137,6180.386491
16-03-2014,2234.189968,-1934.470584,6476.701574
17-03-2014,2449.86457,-1879.117345,6438.834706
18-03-2014,1862.10495,-2381.35313,6222.624813
19-03-2014,978.3609484,-2914.940195,5395.918513
21-03-2014,2377.765526,-1733.726966,6556.061945
22-03-2014,1936.166211,-2309.514368,5916.734258
23-03-2014,2067.922076,-2133.689196,6336.757476
24-03-2014,2219.739472,-1913.342662,6526.93383
25-03-2014,1575.565964,-2427.255513,5644.942955
26-03-2014,643.5890773,-3656.621441,4713.34225
28-03-2014,1972.979137,-2236.54007,6087.484221
29-03-2014,1510.018277,-2502.994955,5577.880153
30-03-2014,1629.437643,-2558.053969,6028.052504
31-03-2014,1777.637265,-2662.585005,6155.085035
01-04-2014,1138.072776,-3211.116612,5154.909516
02-04-2014,218.2726468,-3702.102404,4582.96567
03-04-2014,1368.500979,-2935.021923,5372.194562
04-04-2014,1591.383453,-2284.89699,5942.040869
05-04-2014,1158.026482,-3136.970645,5285.507834
06-04-2014,1310.793724,-2740.813773,5739.033125
07-04-2014,1494.97198,-2713.206457,5681.115972
08-04-2014,892.8997667,-3390.75844,4781.293342
11-04-2014,1457.135838,-3001.405384,5990.176322
12-04-2014,1057.052633,-3369.239757,5207.168321
13-04-2014,1239.908745,-2851.417087,5456.335385
15-04-2014,870.349142,-3147.815277,5161.633945
16-04-2014,5.934824475,-3730.987334,4419.332349
18-04-2014,1472.831946,-2777.79107,5796.510816
19-04-2014,1076.195035,-3287.59225,5266.781145
20-04-2014,1258.201851,-2856.014663,5192.644756
21-04-2014,1463.938424,-3040.110938,5627.991479
22-04-2014,875.7961947,-3366.390043,4935.210431
23-04-2014,0.506200601,-4283.532836,3927.569079
25-04-2014,1440.091799,-2814.124438,5719.394929
26-04-2014,1028.481281,-3118.395071,5144.475619
28-04-2014,1387.333394,-2370.505538,5501.480828
29-04-2014,786.6710191,-3632.434962,4909.917348
30-04-2014,-99.01575242,-4370.418389,3990.223619
02-05-2014,1328.18722,-2991.908295,4918.552249
03-05-2014,915.3631525,-3257.569792,5065.1288
04-05-2014,1084.94297,-3155.96529,5465.713677
05-05-2014,1282.833051,-2857.860338,5529.603797
06-05-2014,692.081498,-3573.382606,4710.951993
07-05-2014,-180.1048449,-4049.191024,3878.651402
08-05-2014,1016.299942,-2825.624523,5220.848759
09-05-2014,1283.762268,-2638.143006,5879.120584
10-05-2014,893.3018324,-3514.187723,4820.983259
11-05-2014,1087.260206,-3109.375101,5155.386395
12-05-2014,1310.957538,-2917.459938,5728.578342
13-05-2014,746.810987,-3610.386511,4821.663998
14-05-2014,-98.62987211,-4507.619759,4063.329249
16-05-2014,1416.501742,-2632.166646,5741.583531
17-05-2014,1049.282459,-2747.492282,5347.898386
18-05-2014,1264.101779,-2968.598342,5397.33574
19-05-2014,1505.76342,-2862.453066,5536.326504
20-05-2014,956.24313,-3378.27324,5035.496036
21-05-2014,121.7351606,-4075.619508,4131.56667
22-05-2014,1351.33992,-2666.668569,5762.282715
23-05-2014,1646.709826,-2639.906363,5762.278935
24-05-2014,1278.183048,-2656.739878,5534.870809
25-05-2014,1487.569009,-2694.825726,5549.965684
26-05-2014,1719.8176,-2532.776855,5888.616579
27-05-2014,1157.145455,-3063.012074,5165.508471
28-05-2014,306.0743938,-3974.587853,4294.119467
30-05-2014,1789.369586,-2250.75831,6008.29775
31-05-2014,1396.71394,-2664.363893,5733.703083
01-06-2014,1580.5066,-2329.093318,5909.285137
02-06-2014,1786.273579,-2376.857488,6161.402516
03-06-2014,1196.813019,-2869.751317,5247.36198
04-06-2014,319.2184159,-4053.815548,4270.026876
06-06-2014,1752.412505,-2607.727069,5841.138471
07-06-2014,1337.148286,-2797.948211,5390.36556
08-06-2014,1500.512826,-2738.706107,5725.073715
09-06-2014,1688.362809,-2475.262949,5593.336107
10-06-2014,1083.752204,-3118.880544,5087.96849
13-06-2014,1611.872288,-2434.209189,5619.733162
14-06-2014,1193.497652,-3164.028409,5297.498864
15-06-2014,1356.617364,-2574.871867,5895.748903
16-06-2014,1546.891056,-2855.360656,5631.94359
17-06-2014,947.1189177,-3261.842573,5529.584903
18-06-2014,64.27068439,-4017.44019,4211.995738
20-06-2014,1501.064535,-2761.77542,5646.144548
21-06-2014,1093.872864,-3015.530369,5342.000324
22-06-2014,1268.837152,-2644.750808,5514.586948
23-06-2014,1471.248762,-2701.091343,5757.604582
24-06-2014,883.5591766,-3433.248725,5216.207889
25-06-2014,12.41831229,-3923.990057,4404.41075
27-06-2014,1470.413274,-2826.487648,5759.454561
28-06-2014,1072.284943,-3096.540637,5334.863479
29-06-2014,1255.084674,-2842.013532,5436.947288
30-06-2014,1464.017391,-3046.59929,5659.517244
01-07-2014,881.500749,-3485.785743,5101.822922
02-07-2014,14.20138305,-3975.135622,4641.658212
04-07-2014,1476.181415,-2624.548921,5915.37821
05-07-2014,1078.443307,-3259.967494,5045.536888
06-07-2014,1260.781701,-3099.836687,5681.402802
07-07-2014,1468.591699,-2375.362043,5831.678225
08-07-2014,884.4934502,-3213.643538,4950.944797
09-07-2014,15.36001246,-4062.560728,4465.083326
11-07-2014,1473.711118,-2514.579005,5437.59391
12-07-2014,1074.539398,-2989.3958,5015.15752
13-07-2014,1255.901073,-3000.942763,5335.839428
14-07-2014,1463.307115,-2636.938195,5518.442449
15-07-2014,879.4597706,-3284.562867,5064.210947
18-07-2014,1473.636183,-2570.875466,5329.535343
19-07-2014,1077.431306,-2714.467087,5230.397507
20-07-2014,1262.289694,-2789.616561,5283.853727
21-07-2014,1473.604177,-2607.109564,5485.646414
22-07-2014,893.9383358,-3235.17464,5371.868479
23-07-2014,30.05857409,-4199.457561,4462.664025
25-07-2014,1500.743052,-2603.828651,5867.856651
26-07-2014,1108.252248,-2824.15524,5371.352089
27-07-2014,1296.338842,-2791.780134,5294.40185
28-07-2014,1510.28183,-2554.502798,5608.452513
30-07-2014,69.88595626,-3973.261694,3823.734375
01-08-2014,1540.757244,-2806.478107,5731.915213
02-08-2014,1147.342721,-3182.456275,5201.256055
03-08-2014,1333.961912,-2930.389942,5583.366855
04-08-2014,1546.046043,-2210.908812,5440.836318
05-08-2014,966.2633701,-3504.211745,5089.849784
06-08-2014,101.5521604,-3858.189085,4426.501092
08-08-2014,1569.441712,-2666.64835,5717.488822
09-08-2014,1175.641246,-2998.208375,5544.846755
11-08-2014,1577.223221,-2694.890324,5653.305156
12-08-2014,1001.261516,-3060.930898,5432.758356
15-08-2014,1628.274896,-2313.298892,6132.081547
16-08-2014,1247.1142,-3119.091179,5178.480131
17-08-2014,1449.616207,-3109.070861,5420.31289
19-08-2014,1125.661552,-2869.463628,5165.08461
20-08-2014,289.1465925,-4050.867119,4345.395516
22-08-2014,1826.173146,-2254.911019,5947.77243
23-08-2014,1473.023147,-2621.970312,5523.00123
24-08-2014,1704.697467,-2092.75956,5790.484087
25-08-2014,1966.478381,-2269.453512,6302.721092
26-08-2014,1440.758722,-2999.219138,5271.700208
27-08-2014,634.071784,-3743.0248,4388.256758
29-08-2014,2227.629268,-2238.963691,6635.00954
30-08-2014,1900.030775,-2366.748921,5921.413432
31-08-2014,2154.681539,-2133.3153,6282.751837
01-09-2014,2436.308803,-1960.034871,6824.719926
02-09-2014,1926.779995,-2220.449163,6017.010925
03-09-2014,1132.144008,-2923.187431,5115.700531
05-09-2014,2735.714296,-1544.416095,6952.095971
06-09-2014,2405.405203,-1823.556869,6437.078705
07-09-2014,2651.876479,-1683.51323,6998.217422
08-09-2014,2919.71474,-929.5345504,7274.240621
09-09-2014,2390.734214,-1935.869755,6134.294594
10-09-2014,1571.020602,-2732.403763,5934.822771
11-09-2014,2809.615502,-1240.287506,7063.898697
12-09-2014,3108.158663,-974.1696985,7094.177067
13-09-2014,2737.017952,-1629.178216,6920.218492
14-09-2014,2938.071096,-1332.134755,6967.504733
15-09-2014,3156.371341,-1054.922644,7450.050884
16-09-2014,2574.270536,-1674.061535,7021.418103
17-09-2014,1698.454876,-2563.883883,5624.925485
19-09-2014,3117.104384,-1124.718481,7160.316194
20-09-2014,2685.006573,-1115.042322,6993.094035
21-09-2014,2824.958109,-1132.221182,6945.170272
22-09-2014,2982.776905,-1179.193373,7050.013322
23-09-2014,2341.57933,-1952.465509,6873.95978
24-09-2014,1408.804897,-2667.981012,5458.101733
25-09-2014,2534.880871,-1696.860608,6808.399027
26-09-2014,2722.844363,-1642.304874,7222.359653
27-09-2014,2244.452156,-2143.420406,6451.172732
28-09-2014,2342.942643,-1719.452194,6344.546672
29-09-2014,2464.682324,-2218.405018,6636.42335
30-09-2014,1793.270623,-2299.866635,5811.691143
01-10-2014,836.5585348,-3259.275518,4849.624561
02-10-2014,1945.308196,-2032.78748,6441.374449
03-10-2014,2122.810996,-1788.172534,6526.463035
04-10-2014,1640.99446,-2523.860889,5664.531346
05-10-2014,1743.182286,-2286.488443,5816.773114
06-10-2014,1875.739956,-2302.17132,6033.660468
07-10-2014,1222.179667,-2991.570566,5678.166193
08-10-2014,290.180036,-3922.619477,4419.818415
09-10-2014,1430.247657,-2422.463099,5766.319637
10-10-2014,1645.338075,-2506.427677,5723.049588
11-10-2014,1206.966372,-3051.925789,5382.261958
12-10-2014,1357.971707,-2580.063985,5540.228079
13-10-2014,1544.168189,-2528.779241,5632.309032
14-10-2014,948.4557892,-3459.96887,5019.992164
15-10-2014,77.84672246,-4016.584555,4258.354686
16-10-2014,1282.134316,-2619.811951,5524.160201
17-10-2014,1563.521907,-2297.953681,5950.445523
18-10-2014,1192.741912,-2858.505719,5487.470036
19-10-2014,1411.829373,-3079.956184,5467.261249
20-10-2014,1665.782277,-2285.54617,5946.949987
21-10-2014,1136.682333,-2879.766568,5233.893399
22-10-2014,330.7315087,-3837.983333,4631.563717
24-10-2014,1936.722129,-2205.093561,6302.652295
25-10-2014,1620.112976,-2305.326018,5661.94256
26-10-2014,1888.465283,-2120.379868,6411.956597
27-10-2014,2186.16343,-2031.832204,6250.440019
28-10-2014,1694.745197,-2417.982296,5903.514762
29-10-2014,919.9474069,-3293.698983,5019.547762
31-10-2014,2567.240409,-1545.009188,7001.004948
01-11-2014,2260.314194,-1963.68327,6323.168311
02-11-2014,2530.899088,-1451.356526,6766.278716
03-11-2014,2823.411284,-1349.640661,7168.859157
04-11-2014,2319.531218,-1678.122974,6638.528642
05-11-2014,1525.249229,-2457.308685,5552.81079
06-11-2014,2789.5513,-1351.522047,6858.352924
07-11-2014,3114.062035,-1002.546137,7271.510326
08-11-2014,2769.174685,-1482.71715,6599.336924
09-11-2014,2996.832218,-1314.795358,7356.428893
10-11-2014,3242.191471,-865.5284602,7857.906429
11-11-2014,2687.743817,-1670.27402,6969.562518
12-11-2014,1840.347526,-2202.791002,5858.928181
14-11-2014,3318.957881,-627.6930118,7023.461816
15-11-2014,2918.863343,-1516.838124,7168.79194
16-11-2014,3092.493814,-788.7163681,7199.942405
17-11-2014,3285.914587,-836.9041976,7713.837754
18-11-2014,2682.479867,-1425.939093,6952.38489
19-11-2014,1789.847259,-2335.717302,5872.469548
20-11-2014,2958.631587,-1143.368554,7018.684417
21-11-2014,3192.015851,-1009.478673,7321.549016
22-11-2014,2761.849805,-1391.564786,7293.870924
23-11-2014,2911.400836,-1564.371651,7184.165018
24-11-2014,3086.98988,-874.9375489,7322.806334
25-11-2014,2472.086491,-1756.080877,6151.497494
26-11-2014,1574.318877,-2410.673177,5684.525198
27-11-2014,2744.126375,-1516.650595,6925.620807
28-11-2014,2984.37228,-1321.094894,7230.067018
29-11-2014,2566.44759,-1464.635786,6924.414497
30-11-2014,2733.030314,-1610.011635,7195.558563
01-12-2014,2929.733011,-1052.333626,7164.758829
02-12-2014,2339.212481,-1888.505539,6567.452367
03-12-2014,1468.197166,-2360.375226,5492.037021
04-12-2014,2666.159444,-1763.749806,6794.561843
05-12-2014,2934.950283,-1526.280895,7366.001337
06-12-2014,2544.926389,-1729.779443,6785.996214
07-12-2014,2737.73398,-1181.347357,6934.8853
08-12-2014,2957.981281,-1188.955342,7192.08763
09-12-2014,2387.373094,-1997.712317,6298.814952
10-12-2014,1531.762425,-2833.470409,5746.235828
12-12-2014,3012.818382,-1232.974749,7377.970841
13-12-2014,2620.520981,-1572.939134,6725.40012
14-12-2014,2804.238315,-1473.621944,7179.664014
15-12-2014,3008.38444,-1063.506205,7227.421215
16-12-2014,2414.645766,-1707.262813,6733.023893
17-12-2014,1529.037176,-2970.247992,5759.133013
19-12-2014,2931.040851,-1271.134432,7218.473543
20-12-2014,2490.894397,-1484.453984,6735.060395
21-12-2014,2622.284563,-1535.240205,7051.809049
22-12-2014,2770.605284,-1456.168172,6543.603074
23-12-2014,2118.640542,-1878.923994,6743.160111
24-12-2014,1173.596645,-2921.451244,5540.761327
26-12-2014,2458.174993,-1854.082815,6414.534448
27-12-2014,1962.640681,-2123.449128,6473.681189
28-12-2014,2042.576563,-2128.319059,6034.267106
29-12-2014,2144.604229,-2168.889079,6332.038019
30-12-2014,1452.650432,-2790.373551,5781.60996
31-12-2014,474.9502872,-3329.621409,4680.547987
02-01-2015,1719.60158,-2385.089032,5427.300514
03-01-2015,1218.057458,-2939.328326,5304.58366
04-01-2015,1301.80155,-2491.430515,5679.260919
05-01-2015,1417.578331,-2762.674512,5871.140396
06-01-2015,749.2172597,-3242.975903,5040.477141
09-01-2015,1141.735751,-2868.955909,5163.035945
10-01-2015,697.8370565,-3544.550635,4751.870154
12-01-2015,1029.928514,-2670.238815,5055.04418
13-01-2015,433.82999,-4008.554512,4450.484233
17-01-2015,676.2823053,-3290.176262,4705.86319
19-01-2015,1136.608288,-3055.112648,5397.165148
23-01-2015,1321.762573,-2821.882445,5381.626152
24-01-2015,966.2751441,-3021.412242,5112.106914
26-01-2015,1429.455297,-2589.031824,5378.923548
27-01-2015,873.4623822,-3643.038709,4964.403041
28-01-2015,25.25838855,-4115.026833,4045.68171
30-01-2015,1500.273583,-2547.674974,5703.852683
31-01-2015,1095.52949,-2929.403986,5266.492906
03-02-2015,825.3219042,-3076.236142,4992.874312
06-02-2015,1263.978172,-2539.451057,5156.135512
07-02-2015,801.9992224,-3151.877971,5343.34586
08-02-2015,916.2597926,-3101.766428,5012.567798
09-02-2015,1053.703737,-3356.610911,5160.128675
10-02-2015,398.57532,-3862.759484,4622.626194
14-02-2015,331.0158519,-3932.738803,4677.884642
15-02-2015,462.5679356,-3741.787867,4827.154211
16-02-2015,628.8654581,-3803.734612,4606.261316
18-02-2015,-874.7231822,-4874.052645,3042.384311
20-02-2015,582.5738967,-3284.654183,4869.150787
21-02-2015,202.5529824,-4026.114759,4308.756589
22-02-2015,416.2774133,-3842.293741,4678.676453
23-02-2015,668.9883814,-3367.985679,4952.10197
25-02-2015,-655.9861374,-4629.571306,3645.585419
27-02-2015,975.6744085,-3386.110974,4950.142773
28-02-2015,676.8149043,-3629.249642,4925.714357
01-03-2015,965.4712667,-3353.928012,5011.322012
02-03-2015,1285.379189,-2890.890398,5518.825854
05-03-2015,1380.428518,-2543.546073,5711.13436
06-03-2015,1759.773162,-2112.884878,5532.672348
07-03-2015,1473.572341,-2912.59428,5530.382287
08-03-2015,1762.445046,-2525.649334,5843.98682
09-03-2015,2070.212339,-1861.170306,6184.571933
10-03-2015,1578.045026,-2728.578914,5903.067021
12-03-2015,2059.323206,-1933.596543,6227.46202
13-03-2015,2382.881481,-1497.465378,6515.170974
14-03-2015,2032.510938,-2083.637126,5970.173455
15-03-2015,2250.188009,-1536.302291,6308.519788
16-03-2015,2481.210127,-1615.713265,6702.327523
17-03-2015,1908.308142,-2359.791523,5877.363861
19-03-2015,2222.586663,-2059.769291,6414.708911
20-03-2015,2463.087122,-1580.238076,6836.691314
21-03-2015,2032.011551,-2311.952408,6388.895125
22-03-2015,2172.778962,-2057.128306,6336.972792
23-03-2015,2331.98401,-1905.262694,6759.802935
24-03-2015,1693.512416,-2600.37083,5712.826019
26-03-2015,1899.122824,-2369.44998,5804.56343
27-03-2015,2097.895713,-2237.774488,6350.170496
28-03-2015,1634.061892,-2503.997764,5572.85503
29-03-2015,1751.186809,-2606.117747,5700.519078
30-03-2015,1895.820214,-2301.154751,6088.962389
31-03-2015,1251.59032,-2865.236121,5167.399218
02-04-2015,1470.163606,-2974.69034,5738.496373
04-04-2015,1245.847073,-2664.034527,5407.253643
05-04-2015,1391.469223,-2617.52753,5460.228419
06-04-2015,1568.618071,-2374.574643,5668.315166
07-04-2015,959.8142023,-3487.123395,4694.407711
09-04-2015,1253.513611,-3052.724736,5432.154803
10-04-2015,1507.162346,-2638.337461,5850.537988
11-04-2015,1102.936843,-3007.290434,5200.559955
12-04-2015,1282.517846,-2863.828919,5057.525429
13-04-2015,1490.614312,-2836.673906,5864.238874
14-04-2015,909.1034635,-3274.124173,5170.335828
16-04-2015,1244.575421,-2873.33611,5336.171093
17-04-2015,1512.160448,-2630.404024,5739.855957
18-04-2015,1117.13321,-3028.365054,5235.397118
19-04-2015,1301.283851,-2890.628959,5388.93622
20-04-2015,1509.571293,-2650.392053,5856.165105
21-04-2015,924.2508503,-3002.76145,5084.43264
22-04-2015,51.91274803,-4022.989053,4104.47556
24-04-2015,1497.231755,-2662.191759,5460.776675
25-04-2015,1088.136216,-2967.200345,4944.022284
26-04-2015,1257.400977,-3338.71936,5798.371584
27-04-2015,1450.729874,-2547.877747,5510.178026
28-04-2015,851.1063563,-3286.190175,5252.850072
29-04-2015,-34.18956225,-4393.264439,4111.275694
30-04-2015,1145.075003,-3104.092652,5243.850195
01-05-2015,1391.699432,-2715.362985,5487.010134
02-05-2015,977.1511539,-3139.525074,5117.454672
03-05-2015,1144.319896,-2620.01355,5398.935049
04-05-2015,1339.157453,-2596.126815,5192.303374
07-05-2015,1060.355285,-3143.759046,5410.602156
08-05-2015,1323.014781,-2701.009023,5239.840029
09-05-2015,927.5842693,-3194.964407,5008.876283
10-05-2015,1116.529215,-2770.17868,5275.281718
11-05-2015,1335.295401,-2970.834291,5380.440638
12-05-2015,766.4238216,-3011.674127,4971.948491
13-05-2015,-83.41734991,-4388.599031,4101.8097
14-05-2015,1135.243167,-2938.175845,5254.602325
15-05-2015,1424.31695,-2661.204855,5682.607882
16-05-2015,1054.284192,-3157.582957,5183.159916
17-05-2015,1266.977105,-2822.729262,5359.85882
18-05-2015,1507.250356,-2525.077536,5612.972985
20-05-2015,122.7682085,-3654.863382,4132.396533
21-05-2015,1353.313216,-2902.429247,5485.746839
22-05-2015,1650.37334,-2455.111952,5766.601894
23-05-2015,1284.242895,-2533.022204,5415.377489
24-05-2015,1496.670952,-2467.119182,5642.294056
25-05-2015,1732.532449,-2294.726475,6134.244312
26-05-2015,1173.95673,-2782.365871,5677.912517
28-05-2015,1542.168176,-2558.486445,5552.899561
29-05-2015,1820.368175,-2146.87158,6245.386314
30-05-2015,1432.716351,-2445.537392,5743.403945
31-05-2015,1621.469563,-2484.450869,5766.949453
01-06-2015,1832.050406,-2040.449309,6093.228761
04-06-2015,1561.963821,-2394.434681,5942.468207
05-06-2015,1814.199955,-2480.311292,5866.372519
07-06-2015,1567.442168,-2666.83523,5882.306303
08-06-2015,1757.015976,-2344.616793,6001.749923
09-06-2015,1153.554384,-3079.211267,4963.960226
11-06-2015,1439.541864,-2764.836621,5671.220901
12-06-2015,1681.84775,-2481.639715,5908.722519
13-06-2015,1262.56095,-2839.04426,5609.238091
14-06-2015,1424.37022,-2635.934503,5303.814257
15-06-2015,1612.998863,-2201.393285,5614.312525
16-06-2015,1011.31558,-3333.743681,5065.007578
18-06-2015,1308.018685,-2685.70547,5443.094379
19-06-2015,1558.642771,-2622.103886,5984.555108
20-06-2015,1149.181076,-2907.897038,5442.849198
21-06-2015,1321.949048,-2542.241217,5572.251236
22-06-2015,1522.291933,-2535.642986,5374.713832
23-06-2015,932.7068553,-3315.015692,5071.737811
25-06-2015,1253.441733,-2864.036608,5325.930742
26-06-2015,1515.341303,-2854.289864,5421.318036
28-06-2015,1298.469079,-2746.768101,5701.703224
29-06-2015,1507.001994,-2711.143844,5724.918896
02-07-2015,1254.724612,-2768.42104,5359.111093
03-07-2015,1519.506469,-2682.40215,5640.619485
04-07-2015,1122.16826,-3107.091755,5245.038917
05-07-2015,1304.954841,-2847.450293,5512.756413
06-07-2015,1513.222144,-2688.853172,5607.241393
08-07-2015,60.78824749,-4189.939903,4222.62813
09-07-2015,1256.692306,-2722.19107,5428.323924
10-07-2015,1519.583938,-2568.962442,5779.779541
11-07-2015,1120.449328,-2880.432901,5231.896534
12-07-2015,1301.709804,-2740.933689,5547.787597
13-07-2015,1508.874054,-2930.671861,5650.893893
14-07-2015,924.6490714,-3477.561362,4726.105997
16-07-2015,1252.643733,-2969.528916,5598.757392
17-07-2015,1517.020912,-2772.970716,5537.491562
18-07-2015,1120.06498,-3168.028474,5423.061155
19-07-2015,1304.144327,-3100.561611,5650.000858
20-07-2015,1514.682966,-2850.661265,5612.75138
23-07-2015,1270.684169,-3075.32944,5511.566888
24-07-2015,1539.348772,-2607.214757,5936.087169
25-07-2015,1146.521043,-3167.228685,5249.70486
26-07-2015,1334.415398,-2546.038762,5734.12263
27-07-2015,1548.315359,-2678.938325,5748.381821
30-07-2015,1310.618569,-2503.245805,5442.017771
31-07-2015,1579.925486,-2814.999073,6007.290146
01-08-2015,1187.005319,-3138.011896,5342.911447
02-08-2015,1374.130919,-2928.287771,5996.83401
05-08-2015,142.8244868,-4038.65544,4412.049443
06-08-2015,1343.11688,-2749.221097,5396.811741
07-08-2015,1610.566487,-2573.449215,5997.829036
08-08-2015,1216.265621,-3176.051596,5476.159336
09-08-2015,1402.770165,-2728.992184,5813.02916
10-08-2015,1615.754219,-2871.393758,5733.651985
11-08-2015,1038.122245,-3422.821913,5155.102743
13-08-2015,1382.570169,-2805.691101,5205.985362
15-08-2015,1272.661922,-3373.966656,5312.712023
16-08-2015,1471.306061,-2887.624918,5647.77993
17-08-2015,1698.925319,-2626.923379,5914.669743
21-08-2015,1823.50341,-2444.627167,5934.433914
22-08-2015,1464.95101,-2688.24813,6124.61291
23-08-2015,1691.252682,-2535.310926,5893.010048
24-08-2015,1947.79324,-2143.62932,6151.119702
25-08-2015,1417.071672,-2689.324336,5811.616574
27-08-2015,1863.218531,-2445.067141,5940.024522
28-08-2015,2191.437759,-1868.591792,6148.380168
29-08-2015,1860.849168,-2468.884504,5858.714379
31-08-2015,2393.470738,-1884.54399,6659.507917
01-09-2015,1883.428656,-2377.671844,5959.803249
03-09-2015,2359.856131,-1696.934035,6600.855671
04-09-2015,2696.734213,-1717.543346,6869.753888
05-09-2015,2369.947165,-1890.027937,6756.755297
06-09-2015,2620.979817,-1267.692424,6973.46118
07-09-2015,2894.397771,-1512.671266,6824.492826
08-09-2015,2371.977525,-2233.778291,6374.130953
10-09-2015,2806.689484,-948.0559676,6954.124649
11-09-2015,3114.349343,-1265.623448,7293.721189
12-09-2015,2753.000795,-1373.540582,6743.938914
13-09-2015,2964.412373,-1152.774801,7451.783688
14-09-2015,3193.518011,-1050.686289,7358.131718
15-09-2015,2622.541961,-1803.836934,6550.173443
16-09-2015,1758.036488,-2142.853466,5971.253903
17-09-2015,2949.559209,-1227.330966,7107.978412
18-09-2015,3199.307478,-988.3795422,7453.997141
19-09-2015,2778.239847,-1568.935246,7126.901093
20-09-2015,2928.848881,-989.4129263,7414.784985
21-09-2015,3096.81759,-1045.572679,7094.505154
22-09-2015,2465.133181,-1798.639002,6666.239673
24-09-2015,2675.073366,-1623.760611,7060.196283
25-09-2015,2869.947934,-1373.355749,6867.827325
26-09-2015,2397.404021,-1843.879474,6415.909228
27-09-2015,2500.603059,-1509.301468,6805.993141
28-09-2015,2625.848542,-1598.556471,6652.807397
01-10-2015,2109.368686,-2268.344893,5866.640168
02-10-2015,2285.237061,-1816.243392,6684.325276
03-10-2015,1800.49674,-2494.134346,5422.874731
04-10-2015,1898.501001,-2323.177542,6183.241255
05-10-2015,2025.840637,-2247.367084,6231.896002
08-10-2015,1558.06884,-2870.465217,5908.156844
09-10-2015,1763.81272,-2432.088872,6106.702609
10-10-2015,1315.308863,-2603.144258,5446.953241
11-10-2015,1455.516863,-2711.278192,5902.832765
12-10-2015,1630.380017,-2725.277027,5663.833613
13-10-2015,1022.934828,-3214.553715,5336.420784
15-10-2015,1332.522997,-2864.630768,5292.495844
16-10-2015,1601.848637,-2711.603633,5784.851953
17-10-2015,1219.194987,-2678.662311,5352.696517
18-10-2015,1426.745768,-2840.175788,5831.412167
19-10-2015,1669.644651,-2167.068038,5696.44762
20-10-2015,1130.114112,-2941.852456,5255.780335
22-10-2015,1571.899109,-2739.489928,5626.52314
23-10-2015,1903.896288,-2252.815494,5865.276985
24-10-2015,1580.592663,-2777.890304,5928.27758
25-10-2015,1843.437659,-2455.129122,6077.068098
26-10-2015,2136.887927,-2192.103295,6520.598639
28-10-2015,866.1567657,-3492.839686,5106.194261
29-10-2015,2156.390012,-1977.897468,6148.632174
30-10-2015,2514.390584,-1315.324969,6888.773274
31-10-2015,2209.961754,-2208.247038,6379.931118
01-11-2015,2484.344405,-1834.822759,6277.578014
02-11-2015,2781.891168,-1331.52873,6994.717968
03-11-2015,2284.199303,-1669.332615,6367.373824
05-11-2015,2769.632206,-1384.104811,6996.351451
06-11-2015,3103.113873,-1092.366567,7559.672366
07-11-2015,2767.847513,-1454.607121,6754.213658
08-11-2015,3005.616942,-1179.656569,7038.212938
09-11-2015,3261.411481,-968.7447994,7541.562856
10-11-2015,2717.549573,-1215.839035,6868.037934
11-11-2015,1880.714303,-2605.357535,6133.012608
12-11-2015,3100.627601,-1329.029493,7106.058704
13-11-2015,3379.680458,-725.2405657,7774.583652
14-11-2015,2989.04919,-1444.858271,7205.364084
15-11-2015,3171.461954,-932.0931368,7525.235895
16-11-2015,3372.84785,-710.0511993,7608.152985
17-11-2015,2776.442334,-1143.478293,6928.327213
19-11-2015,3063.472907,-1036.74672,7170.021425
20-11-2015,3300.755642,-781.8397409,7283.757971
21-11-2015,2873.300362,-1375.727156,6864.961891
22-11-2015,3024.375752,-1144.115074,7306.731918
23-11-2015,3200.331308,-1186.151102,7546.238426
24-11-2015,2584.692168,-1577.999486,6836.884669
25-11-2015,1685.168306,-2334.660485,5485.470705
26-11-2015,2852.305541,-1133.254359,7074.83169
27-11-2015,3089.096303,-1313.187905,7589.960506
28-11-2015,2667.080742,-1601.162797,6703.300885
29-11-2015,2829.102886,-1287.022623,7041.311116
30-11-2015,3020.954541,-1123.516799,6969.663649
01-12-2015,2425.480959,-2146.774416,6441.166977
03-12-2015,2742.989483,-1116.732832,7187.088723
04-12-2015,3007.677923,-847.2338471,6768.722421
05-12-2015,2614.206272,-1654.288507,7040.828962
06-12-2015,2804.387496,-1321.287522,6910.13068
07-12-2015,3022.978653,-1229.597324,7193.11794
08-12-2015,2451.81145,-1743.468435,6681.354205
09-12-2015,1596.840292,-2558.859016,5811.378195
10-12-2015,2806.834428,-1183.005694,7303.694875
11-12-2015,3083.031256,-855.9588577,7266.288018
12-12-2015,2695.280377,-1634.014413,6724.635077
13-12-2015,2884.842104,-1509.618041,7078.015511
14-12-2015,3096.072102,-1050.517021,7369.530195
15-12-2015,2510.565153,-1587.907628,6492.153364
16-12-2015,1634.212739,-2589.833621,5536.73614
17-12-2015,2815.900728,-1594.842109,6789.623992
18-12-2015,3057.163987,-1234.079463,7248.992034
19-12-2015,2628.32739,-1527.425513,6861.256247
20-12-2015,2771.296898,-1462.733774,6538.612694
21-12-2015,2931.232469,-1543.838158,7024.904996
22-12-2015,2290.675992,-1774.086877,6581.031422
23-12-2015,1356.589211,-3023.803555,5411.652561
24-12-2015,2479.028352,-1690.853195,6877.038455
25-12-2015,2660.772754,-1961.256526,6868.415325
26-12-2015,2173.437541,-1756.137393,6241.465924
27-12-2015,2260.234672,-1727.870905,6519.45153
28-12-2015,2367.614821,-1644.859758,6221.000126
29-12-2015,1679.36402,-2326.678805,6010.759146
30-12-2015,703.6108016,-3501.567888,5096.047844
31-12-2015,1791.627125,-2265.848312,6009.263139
02-01-2016,1441.997135,-2486.534134,5518.85695
03-01-2016,1520.530191,-2763.306276,5668.094123
04-01-2016,1629.399848,-2732.532617,5836.15015
05-01-2016,952.5692035,-3353.446168,5169.00177
07-01-2016,1116.919283,-3130.232018,5062.686378
08-01-2016,1312.173933,-3143.638183,5740.684303
09-01-2016,855.5752309,-3238.114512,5026.642709
10-01-2016,990.0269674,-3012.299246,5180.428054
11-01-2016,1161.292726,-3234.315881,5289.399935
14-01-2016,861.9018035,-3420.038491,4870.829924
15-01-2016,1131.964239,-3025.59338,5422.255409
16-01-2016,749.4820909,-3392.057071,4654.113958
17-01-2016,955.7942974,-3075.612582,5081.908935
21-01-2016,1063.414652,-3358.467898,5384.351876
22-01-2016,1373.230563,-2767.630409,5320.777097
23-01-2016,1020.908269,-3297.383647,5287.705383
24-01-2016,1247.189421,-2785.159271,5944.738831
25-01-2016,1495.952942,-2777.725472,5416.248467
28-01-2016,1329.317674,-2725.588408,5584.571016
30-01-2016,1215.40354,-3023.297857,5304.370126
31-01-2016,1394.122831,-2526.641191,5316.268972
01-02-2016,1589.048167,-2864.097531,5941.139624
02-02-2016,982.7776963,-3015.948069,5300.203715
03-02-2016,82.39277139,-3791.543488,4089.530012
04-02-2016,1238.125923,-3231.524145,5308.563786
05-02-2016,1452.981478,-2825.852485,5987.454328
06-02-2016,998.8391233,-3194.666511,5251.941252
07-02-2016,1119.205008,-2869.081074,5621.885785
08-02-2016,1260.843159,-2760.543908,5295.835494
09-02-2016,607.8614237,-3346.752967,4700.882562
11-02-2016,794.8063305,-3455.587382,4967.611373
12-02-2016,990.1466262,-3245.477193,5215.580485
13-02-2016,527.3651449,-3371.30305,4527.105864
14-02-2016,650.4763143,-3166.365767,4909.555997
15-02-2016,806.4909943,-3403.925539,5028.869978
16-02-2016,179.4954202,-3904.598656,4380.460442
19-02-2016,705.1841255,-3324.43607,4777.601132
20-02-2016,309.3507641,-3834.973159,4847.263825
21-02-2016,507.176776,-3729.831723,4730.919968
22-02-2016,744.1437285,-3475.180306,5022.855423
23-02-2016,202.7561695,-3836.569763,4641.838732
25-02-2016,653.4029408,-3824.160681,4894.752797
27-02-2016,686.8122687,-3806.069033,5016.835809
28-02-2016,967.1055214,-3084.905894,5500.638231
29-02-2016,1280.708687,-2765.365423,5373.471221
01-03-2016,808.5844364,-3316.890384,5183.343575
03-03-2016,1370.290713,-2863.039815,5461.351102
04-03-2016,1752.421206,-2275.701162,5957.372158
05-03-2016,1471.252211,-2927.45795,5557.630689
06-03-2016,1767.297524,-2147.84898,5985.418621
07-03-2016,2084.229767,-1861.799114,6219.864368
08-03-2016,1603.031986,-2603.778821,5867.428155
09-03-2016,829.0604295,-3199.829898,5078.653155
10-03-2016,2110.744783,-2147.954334,6401.387679
11-03-2016,2449.242687,-1759.72396,6622.47051
12-03-2016,2114.578144,-1879.01009,6390.644385
13-03-2016,2348.427704,-1689.199961,6607.41689
14-03-2016,2595.786439,-1689.28004,6941.174677
15-03-2016,2039.087264,-2104.728883,6068.512233
17-03-2016,2384.23997,-1925.096856,6580.766106
18-03-2016,2638.895936,-1344.992727,7376.422991
19-03-2016,2220.821124,-2467.277996,6561.731973
20-03-2016,2373.238877,-1501.621344,6706.413137
21-03-2016,2542.60377,-1830.539199,6467.384582
22-03-2016,1912.689867,-2270.888426,5914.563256
24-03-2016,2130.36183,-2161.12451,6219.936474
25-03-2016,2332.61495,-1705.261051,6603.170706
26-03-2016,1870.609908,-2525.950039,6050.702464
27-03-2016,1987.994193,-2254.411064,6296.479873
28-03-2016,2131.432178,-2030.580667,6587.081271
29-03-2016,1484.695332,-2860.873757,5307.94229
30-03-2016,555.6697479,-3899.583772,4646.691299
31-03-2016,1695.008475,-2770.636097,6066.869429
01-04-2016,1905.746484,-2413.402313,5999.142164
02-04-2016,1459.408662,-2586.613936,5560.992171
03-04-2016,1598.775241,-2193.579139,5795.005941
04-04-2016,1769.537,-2336.260977,5762.48485
05-04-2016,1154.41379,-3002.767329,5574.82163
06-04-2016,260.2387768,-4052.767948,4549.429481
07-04-2016,1436.498924,-2813.2719,5774.206573
08-04-2016,1685.121071,-2515.749316,5995.809116
09-04-2016,1276.560955,-2963.769829,5503.874347
10-04-2016,1452.595021,-2818.91001,5505.397544
12-04-2016,1074.689592,-3123.081456,5336.69877
13-04-2016,208.7739063,-3900.756339,4300.448227
14-04-2016,1409.249688,-2573.655313,5605.758471
15-04-2016,1677.65642,-2558.866551,5965.523959
16-04-2016,1284.216829,-3044.848092,5686.497136
17-04-2016,1470.629125,-2696.178478,5942.46711
18-04-2016,1681.742247,-2202.570173,6040.146825
19-04-2016,1099.687317,-3423.162179,5165.409051
21-04-2016,1424.902505,-2807.081431,5674.193143
22-04-2016,1683.736496,-2531.591289,5919.207072
23-04-2016,1278.28701,-2794.530465,5271.722772
24-04-2016,1450.951613,-2886.633644,5413.44487
25-04-2016,1647.313251,-2635.005715,5660.160853
26-04-2016,1050.248644,-3080.41898,5099.567422
28-04-2016,1347.574436,-2942.522855,5518.964739
30-04-2016,1180.299082,-3061.44102,5524.147288
01-05-2016,1346.723872,-2494.140809,5529.337941
02-05-2016,1540.122545,-2402.036167,5739.234841
03-05-2016,943.6485816,-3240.729735,5026.247353
05-05-2016,1253.335219,-2989.961136,5057.813649
06-05-2016,1512.368722,-2485.892771,5901.350524
07-05-2016,1112.99796,-3229.390488,5190.005787
08-05-2016,1297.805126,-2855.953702,5307.871001
09-05-2016,1512.358904,-2793.981859,5501.776676
10-05-2016,939.3258231,-3364.477551,5077.38609
11-05-2016,85.49866714,-4030.32768,4187.933582
12-05-2016,1300.468937,-2996.330837,5464.757156
14-05-2016,1213.456158,-3093.741141,5306.386264
15-05-2016,1423.975854,-2606.061314,5446.080082
16-05-2016,1662.747393,-2683.629954,5794.959416
17-05-2016,1111.834105,-2605.748792,5505.25027
18-05-2016,277.4797301,-4205.984876,4274.504622
19-05-2016,1508.795312,-2856.089362,5706.409464
20-05-2016,1807.405375,-2417.89753,5886.640161
21-05-2016,1443.583057,-2871.522675,5699.934534
22-05-2016,1659.037933,-2501.051451,5831.575244
23-05-2016,1898.58855,-2332.985693,6038.930302
24-05-2016,1344.292749,-2984.943765,5337.067767
25-05-2016,502.4908362,-3593.752169,4742.840019
26-05-2016,1722.488239,-2538.837968,6074.433466
27-05-2016,2006.194859,-2344.039164,6323.703836
28-05-2016,1624.251013,-2599.783949,5977.842793
29-05-2016,1818.804099,-2558.908638,5984.422531
30-05-2016,2035.168197,-2110.742853,6335.802191
31-05-2016,1455.940237,-2791.275354,5933.095157
02-06-2016,1781.318119,-2323.599145,5807.913369
03-06-2016,2038.298495,-2219.537017,6292.478398
04-06-2016,1630.170849,-2570.970795,5857.791421
05-06-2016,1799.61256,-2467.300519,5775.595185
06-06-2016,1992.423607,-1919.266483,6023.690128
07-06-2016,1391.631508,-2558.293,5548.625068
09-06-2016,1681.239417,-2566.61761,5911.559915
10-06-2016,1924.524631,-2392.280976,6605.394006
11-06-2016,1505.704195,-2914.210603,5634.997838
12-06-2016,1667.512016,-2458.980877,5843.865363
13-06-2016,1855.726025,-2240.431497,5893.819613
14-06-2016,1253.277043,-2830.736102,5213.781249
15-06-2016,367.2734589,-3443.080335,4324.620904
16-06-2016,1547.668774,-2699.511165,5912.707614
17-06-2016,1796.889562,-2278.324748,5724.334593
18-06-2016,1385.953926,-2906.138249,5496.894454
19-06-2016,1557.244686,-2746.22556,5645.757146
20-06-2016,1756.169451,-2449.720324,6240.034338
21-06-2016,1165.281101,-3151.896194,5491.940753
23-06-2016,1483.861345,-2641.713626,5833.923843
24-06-2016,1745.014936,-2573.905456,5951.162228
25-06-2016,1345.49041,-2963.700753,5516.583056
26-06-2016,1527.408721,-2546.404388,5905.173884
27-06-2016,1735.961769,-2327.574951,5996.312181
28-06-2016,1153.536939,-3067.57187,5107.103633
29-06-2016,286.7554072,-3907.324492,4268.348624
30-06-2016,1485.150973,-2754.371856,5554.149313
01-07-2016,1750.806659,-2554.4174,6234.614914
02-07-2016,1354.479022,-2815.827199,5599.155897
03-07-2016,1538.387084,-2554.586196,5857.122516
04-07-2016,1747.834126,-2387.561499,6187.61228
07-07-2016,1494.808787,-2622.628032,5676.521788
08-07-2016,1758.7437,-2273.933743,6172.403971
09-07-2016,1360.544934,-2544.185378,5836.44418
10-07-2016,1542.615801,-2480.276316,5831.229044
12-07-2016,1166.761913,-2889.19274,5237.182223
14-07-2016,1495.419494,-2589.375976,5647.193852
15-07-2016,1759.952316,-2584.130984,6305.698264
16-07-2016,1363.061575,-2853.18007,5780.466041
17-07-2016,1547.141482,-2737.059631,5786.578957
18-07-2016,1757.645085,-2310.832763,5703.228634
19-07-2016,1177.198213,-3067.330898,5073.099548
20-07-2016,312.6286958,-4315.529291,4648.860194
21-07-2016,1513.637907,-2609.619062,5750.73376
22-07-2016,1782.432103,-2598.468224,5922.376648
23-07-2016,1389.843655,-2839.103073,5507.407889
24-07-2016,1578.106372,-2459.803091,5797.712469
25-07-2016,1792.517103,-2766.669988,5982.718498
28-07-2016,1557.232396,-2632.817468,5450.892256
29-07-2016,1827.60565,-1788.623611,5659.669709
30-07-2016,1435.847378,-2628.404681,5811.929888
31-07-2016,1624.197527,-2319.264559,5949.501875
01-08-2016,1838.000777,-2303.785092,5820.607188
02-08-2016,1259.828724,-2774.478872,5537.031638
03-08-2016,396.5155397,-3701.506672,4230.445031
04-08-2016,1597.833869,-2485.645057,5858.533556
05-08-2016,1866.128274,-2438.313234,6104.348434
06-08-2016,1472.436166,-2758.517002,5954.653625
07-08-2016,1659.260379,-2345.118839,5955.839934
08-08-2016,1872.225612,-2161.136175,6050.451863
09-08-2016,1294.192326,-2767.863173,5622.329461
11-08-2016,1636.551069,-2268.110064,6036.481768
12-08-2016,1909.600173,-2263.950055,5782.703273
13-08-2016,1522.700502,-2676.209636,5713.799975
14-08-2016,1718.550113,-2628.78412,5938.818579
15-08-2016,1942.923629,-1972.212921,6334.567238
16-08-2016,1378.778859,-2870.34809,5904.038034
17-08-2016,533.2774062,-3531.870269,4496.205239
18-08-2016,1756.480901,-2256.131504,5795.791736
19-08-2016,2050.868437,-1844.858313,6093.294021
20-08-2016,1687.54985,-2445.45867,5958.226693
21-08-2016,1908.995047,-2174.196445,6004.268272
22-08-2016,2160.684052,-1959.035804,6396.772013
23-08-2016,1625.217169,-2460.048599,5783.168312
26-08-2016,2387.047159,-1706.180383,6679.451255
27-08-2016,2053.201947,-2375.476422,6135.997972
28-08-2016,2302.984847,-1831.656842,6478.327825
29-08-2016,2581.298716,-1480.555365,6638.810052
30-08-2016,2070.166581,-2223.179934,6187.730891
31-08-2016,1275.769393,-3066.8056,5489.570138
01-09-2016,2547.12651,-1695.997661,6707.955065
02-09-2016,2885.736202,-1565.520757,6904.241218
03-09-2016,2561.706101,-1794.592378,6478.453019
04-09-2016,2816.537618,-1411.205638,7191.231027
05-09-2016,3094.796387,-978.7362417,6984.232993
06-09-2016,2578.242104,-1647.109718,6778.591557
08-09-2016,3027.610687,-893.2571779,7242.827969
09-09-2016,3343.945428,-992.7363842,7442.840671
10-09-2016,2992.066958,-1094.743553,6971.496613
11-09-2016,3213.649597,-968.3615469,7582.002181
12-09-2016,3453.520882,-715.5141197,7689.358633
13-09-2016,2893.788117,-1323.835021,7120.059683
14-09-2016,2040.877862,-2043.054273,6218.316701
15-09-2016,3244.215201,-918.730706,7426.738204
16-09-2016,3505.86013,-667.4821963,7818.090455
17-09-2016,3096.631095,-983.7404676,7536.467895
18-09-2016,3258.879866,-1000.339105,7831.711554
19-09-2016,3438.150036,-818.5860129,7395.663207
20-09-2016,2817.292761,-1393.353423,6938.595107
22-09-2016,3046.94825,-1328.125056,7266.345061
23-09-2016,3250.472367,-957.528548,7283.602907
24-09-2016,2785.629611,-1391.680301,6781.471877
25-09-2016,2895.488341,-1471.054989,7073.649213
26-09-2016,3026.271736,-1309.174417,6990.912754
27-09-2016,2361.464335,-1499.468939,6596.820407
28-09-2016,1408.832002,-2817.361292,5706.095315
29-09-2016,2519.082451,-2024.77315,6772.026317
30-09-2016,2695.483925,-1460.630885,6775.214916
01-10-2016,2209.976605,-2156.361867,6445.54443
02-10-2016,2305.919536,-1825.375117,6515.765775
03-10-2016,2429.748709,-1715.423789,6740.853069
04-10-2016,1765.076859,-2349.292735,5595.286901
06-10-2016,1944.317777,-2389.739863,6013.133037
07-10-2016,2142.032311,-1981.669814,6270.617852
08-10-2016,1684.577238,-2853.284695,5840.112327
09-10-2016,1815.019822,-2157.87276,6090.284227
10-10-2016,1979.421397,-1935.357807,5841.056901
11-10-2016,1360.945594,-2902.150209,5773.135097
13-10-2016,1647.310975,-2510.382922,5834.205486
14-10-2016,1904.731143,-2048.429687,6224.119083
15-10-2016,1510.173124,-2331.460349,5674.382545
16-10-2016,1705.970415,-2740.009953,5895.444722
17-10-2016,1937.415821,-2534.443478,5829.010527
18-10-2016,1386.878427,-2568.392348,5671.609497
20-10-2016,1808.55193,-2558.802605,5673.612163
21-10-2016,2131.707824,-2132.00136,6142.691434
22-10-2016,1800.532442,-2567.79965,5945.685702
23-10-2016,2056.580595,-2101.915747,6433.294987
24-10-2016,2344.4006,-1770.658838,6736.156405
25-10-2016,1845.661735,-2472.143879,6104.948748
27-10-2016,2354.689598,-1545.424265,6625.403532
28-10-2016,2712.315749,-1317.577054,7035.72797
29-10-2016,2408.881556,-1640.341837,6458.213146
30-10-2016,2685.610182,-1298.88484,6874.980134
31-10-2016,2986.816039,-1438.460031,7074.694915
01-11-2016,2494.037836,-1599.931165,6492.832022
03-11-2016,2992.729462,-1385.205415,7551.578091
04-11-2016,3334.344028,-1064.276128,7645.799602
05-11-2016,3008.043712,-1215.129085,6983.777657
06-11-2016,3255.467402,-1045.703109,7300.26839
07-11-2016,3521.44779,-786.0838724,7822.399737
08-11-2016,2988.137626,-1067.368115,7151.618305
09-11-2016,2162.048131,-1876.393416,6696.06461
10-11-2016,3392.726307,-913.5771672,7566.246509
11-11-2016,3682.388438,-600.7136328,7721.154559
12-11-2016,3302.039725,-1029.643628,7632.824565
13-11-2016,3494.244216,-702.8164949,7629.436631
14-11-2016,3704.777333,-657.8470272,7835.76586
15-11-2016,3116.734394,-1243.790068,7646.17994
16-11-2016,2237.551044,-2155.496487,6487.355535
17-11-2016,3417.662197,-620.9760076,7351.372384
18-11-2016,3660.117413,-510.9805897,7851.748124
19-11-2016,3236.683014,-886.3034457,7402.401383
20-11-2016,3390.595486,-1018.486901,7387.740306
21-11-2016,3568.198841,-698.147914,7714.241851
22-11-2016,2953.039958,-1282.806465,7178.465318
23-11-2016,2052.877698,-2122.412621,6152.616253
24-11-2016,3218.333211,-1147.024364,7173.628655
25-11-2016,3452.499401,-550.606296,7493.826421
26-11-2016,3027.040115,-1006.880555,7135.035778
27-11-2016,3184.943806,-620.2334826,7080.756723
28-11-2016,3372.164404,-873.7355349,7764.080182
29-11-2016,2771.723464,-1392.345621,7223.499541
30-11-2016,1890.729324,-2290.525575,5989.98842
01-12-2016,3079.04056,-944.0275836,7093.981274
02-12-2016,3338.891485,-837.6939738,7553.267173
03-12-2016,2941.009973,-1054.19624,7155.434118
04-12-2016,3127.391994,-1050.823233,7411.475028
05-12-2016,3342.965164,-755.0992202,7265.661652
06-12-2016,2769.714897,-1413.172716,7043.829495
08-12-2016,3123.882814,-880.1787614,7283.779354
09-12-2016,3401.495965,-1006.307806,7676.070061
10-12-2016,3016.467194,-1389.431541,6986.500932
11-12-2016,3210.074271,-890.8510681,7347.128206
12-12-2016,3426.656805,-490.9119391,7585.539566
13-12-2016,2847.759623,-1135.427414,6916.676839
14-12-2016,1979.190785,-2191.723497,6033.260085
15-12-2016,3169.72052,-889.950624,7427.431926
16-12-2016,3420.737906,-849.4699333,7494.257418
17-12-2016,3002.394717,-976.7362917,7107.174892
18-12-2016,3156.400071,-1225.27354,7648.058078
19-12-2016,3327.697565,-1039.657297,7462.27129
20-12-2016,2698.597989,-1335.71056,6799.382421
22-12-2016,2909.182844,-950.0710266,7090.213036
23-12-2016,3101.21576,-1098.309637,6935.241912
24-12-2016,2623.301542,-1559.326703,6766.553611
25-12-2016,2718.430872,-1332.85867,6836.832745
26-12-2016,2832.852368,-1579.234164,6886.563115
27-12-2016,2150.174216,-1955.994794,6052.949872
29-12-2016,2268.459262,-1880.408299,6582.308338
30-12-2016,2424.049205,-1546.872272,6761.001012
31-12-2016,1917.487981,-2277.02022,6217.164952
01-01-2017,1992.574615,-2223.179081,6260.836647
02-01-2017,2096.190454,-1973.226245,6231.842545
03-01-2017,1412.382586,-2726.57583,5707.814215
06-01-2017,1742.140155,-2555.756192,6165.745337
07-01-2017,1273.270311,-2493.719726,5561.948517
08-01-2017,1394.687857,-2714.122345,5509.411725
09-01-2017,1552.428327,-2684.504641,5760.387805
12-01-2017,1212.401638,-2784.441555,5296.091024
13-01-2017,1469.869865,-2891.078637,5990.667489
14-01-2017,1075.734905,-2837.311,5184.366676
15-01-2017,1271.589279,-2911.883876,5701.053785
16-01-2017,1501.899374,-2855.427089,5684.418229
19-01-2017,1353.370587,-2755.424349,5278.344161
20-01-2017,1661.409584,-2497.626604,5784.641677
21-01-2017,1309.306842,-2937.657448,5471.316123
22-01-2017,1537.784424,-2527.442604,5728.134877
23-01-2017,1790.65444,-2568.09837,6132.002887
24-01-2017,1248.973548,-3010.364309,5604.528527
26-01-2017,1646.455253,-2631.754977,6036.719155
27-01-2017,1935.078876,-2224.573067,6213.491543
28-01-2017,1553.885814,-2693.496647,5909.130911
29-01-2017,1744.409766,-2504.14477,5964.536214
30-01-2017,1951.492167,-2140.360228,6046.526368
02-02-2017,1635.973883,-2436.113172,5560.793919
03-02-2017,1861.227693,-2211.967358,6335.270568
04-02-2017,1416.291181,-2418.847586,5616.482647
05-02-2017,1544.410607,-2695.71679,5587.137061
06-02-2017,1692.122258,-2481.095182,6130.366527
09-02-2017,1232.541097,-2708.687949,5367.457615
10-02-2017,1425.775774,-2716.332801,5555.37007
11-02-2017,958.7138586,-3375.857089,5226.180386
13-02-2017,1222.994815,-2820.951475,5505.738428
16-02-2017,832.4915496,-3318.090088,4943.905178
17-02-2017,1071.170781,-3112.168913,5465.115897
18-02-2017,659.7365228,-3230.752306,4961.553424
19-02-2017,841.2678572,-3355.610725,4899.025184
20-02-2017,1061.673101,-3284.944708,5590.424939
21-02-2017,503.793742,-3428.557465,4849.092045
23-02-2017,923.0054545,-3537.941037,4951.656088
24-02-2017,1251.217109,-2951.991819,5496.465732
25-02-2017,929.1526322,-3364.758267,5324.633816
26-02-2017,1198.086931,-2924.621499,5356.108644
28-02-2017,1022.525572,-3066.613184,5164.776784
02-03-2017,1575.795792,-2625.335802,5618.363543
03-03-2017,1957.149764,-2179.458947,5917.00115
04-03-2017,1677.516527,-2537.708105,5737.714888
05-03-2017,1977.36275,-2356.229516,6295.355353
06-03-2017,2300.267171,-1804.290719,6190.032787
07-03-2017,1827.074874,-2211.328088,5994.281602
08-03-2017,1062.963762,-2979.349467,5213.487494
09-03-2017,2356.149365,-1726.528865,6459.993689
10-03-2017,2707.544721,-1594.632595,6951.170785
11-03-2017,2386.904788,-1934.952806,6696.783114
12-03-2017,2635.619098,-1683.942172,6686.484175
13-03-2017,2898.384546,-1306.254154,6927.430403
14-03-2017,2357.331654,-1503.683081,6557.683315
16-03-2017,2733.306381,-1469.723572,7025.69692
17-03-2017,3002.573477,-1240.719688,7424.260783
18-03-2017,2598.232417,-1571.703251,7226.090553
19-03-2017,2763.280844,-1772.955716,6896.193532
20-03-2017,2943.979077,-1276.66523,7324.4901
21-03-2017,2323.941995,-1486.582987,6462.541685
23-03-2017,2556.551895,-1564.832442,6587.423726
24-03-2017,2763.742498,-1602.606793,7098.575952
25-03-2017,2304.971586,-1852.597905,6577.284365
26-03-2017,2423.923525,-1721.951901,6240.86874
27-03-2017,2567.33605,-1522.186165,6338.73807
28-03-2017,1919.08745,-2447.111181,6156.790603
29-03-2017,987.2003224,-3237.573573,5133.798761
30-03-2017,2122.489482,-2288.33001,6313.207516
31-03-2017,2328.172002,-1705.062035,6622.550136
01-04-2017,1875.969899,-2287.095062,5929.176641
02-04-2017,2008.870028,-1975.874915,5999.233168
03-04-2017,2172.773672,-1781.340459,6426.114498
04-04-2017,1550.609534,-2638.781314,5851.319369
06-04-2017,1818.765117,-2538.361667,6048.073744
07-04-2017,2060.908937,-1984.077373,6253.711501
08-04-2017,1646.405306,-2483.950184,5758.725439
09-04-2017,1817.159629,-2186.503048,6143.567936
10-04-2017,2018.050713,-1988.204631,6045.114396
11-04-2017,1431.068291,-2662.422245,5416.840022
12-04-2017,562.3662785,-3488.511013,4770.005852
13-04-2017,1760.958077,-2177.01707,5897.784876
14-04-2017,2028.370727,-2177.445209,6442.319141
15-04-2017,1634.787358,-2558.461498,5699.887692
16-04-2017,1821.841569,-2269.844397,6197.530043
17-04-2017,2034.29543,-2071.160369,6274.911615
20-04-2017,1784.540755,-2790.754038,5951.872556
21-04-2017,2046.32115,-2149.722714,6192.965904
22-04-2017,1643.877371,-2495.983145,5865.703268
23-04-2017,1819.467268,-2332.377636,5995.779324
24-04-2017,2018.540033,-2364.031135,6189.834423
25-04-2017,1423.848474,-2844.901666,5601.034738
26-04-2017,542.4723845,-3490.430507,5153.068096
27-04-2017,1724.480261,-2568.744768,5969.165758
28-04-2017,1972.547187,-2324.305104,6418.153839
29-04-2017,1558.059396,-2586.85102,5747.405952
30-04-2017,1723.870247,-2403.729369,6082.573834
01-05-2017,1915.940385,-2151.65363,6281.594701
02-05-2017,1317.436245,-2800.240082,5655.360312
03-05-2017,435.7427753,-3895.780584,4422.232094
04-05-2017,1621.117842,-2438.848282,5954.448829
05-05-2017,1876.306288,-2451.921169,5798.647599
06-05-2017,1472.644186,-2963.94723,5792.976984
07-05-2017,1652.817943,-2358.99612,5659.080662
08-05-2017,1862.510886,-2232.760303,6258.404019
09-05-2017,1284.511229,-2894.313807,5569.816897
11-05-2017,1635.904778,-2796.722758,6020.126509
12-05-2017,1917.160411,-2067.703895,6178.25044
13-05-2017,1540.200667,-2760.040899,5769.348991
14-05-2017,1747.051036,-2431.608653,5759.045653
15-05-2017,1982.731128,-2180.574671,6248.357432
16-05-2017,1429.381245,-2633.371136,5568.387219
18-05-2017,1823.655412,-2068.323981,5736.079992
19-05-2017,2122.079033,-2201.338673,6335.873947
20-05-2017,1758.851947,-2373.839635,5992.905323
21-05-2017,1975.667281,-1943.85036,6026.754945
22-05-2017,2217.308564,-1743.041949,6381.25163
23-05-2017,1665.781322,-2712.388022,5581.515111
25-05-2017,2051.262438,-2077.611078,6182.050613
26-05-2017,2339.312183,-1946.148485,6666.496841
27-05-2017,1962.046547,-2458.8781,6400.561548
28-05-2017,2161.506374,-1437.511115,6089.353163
29-05-2017,2382.896498,-1888.548964,6490.967639
30-05-2017,1808.70483,-2362.549263,5892.76045
01-06-2017,2143.767969,-2145.217873,6508.846613
02-06-2017,2405.205013,-1701.823292,6448.304996
03-06-2017,2001.164297,-1975.470592,6280.282743
04-06-2017,2174.253577,-2097.857657,6232.965077
05-06-2017,2370.216739,-1859.963126,6519.006475
06-06-2017,1772.039734,-2174.648128,6282.354945
08-06-2017,2065.176032,-2092.282503,6273.051256
09-06-2017,2309.366862,-2144.291202,6365.789336
10-06-2017,1890.898634,-2456.282065,6042.950782
11-06-2017,2052.536105,-2157.10268,6283.606429
12-06-2017,2240.099701,-2141.991458,6233.694802
13-06-2017,1636.572681,-2418.968798,5987.135032
15-06-2017,1927.773152,-2587.71083,5985.020312
16-06-2017,2175.017184,-1998.493062,6448.013059
17-06-2017,1761.945718,-2446.896287,6179.430742
18-06-2017,1931.012592,-2012.946575,6264.973204
19-06-2017,2127.693757,-1906.943327,6175.396259
20-06-2017,1534.60587,-2738.83041,5727.714713
21-06-2017,658.5406466,-3274.432788,4733.050014
22-06-2017,1849.141764,-2913.983255,6009.819028
24-06-2017,1707.487546,-2369.545498,5988.538946
25-06-2017,1888.122191,-2307.073688,5796.519241
26-06-2017,2095.648906,-1966.882993,6138.46448
27-06-2017,1512.456649,-2552.390846,6064.202569
29-06-2017,1843.272807,-2258.239164,5969.887417
30-06-2017,2108.857845,-1906.068197,6390.953005
01-07-2017,1712.640412,-2541.256592,6265.664955
02-07-2017,1896.791906,-2266.582462,6047.083199
03-07-2017,2106.590333,-2056.604295,6463.829538
05-07-2017,657.4023402,-3330.681984,4997.482491
06-07-2017,1854.87121,-2607.964603,5974.951896
07-07-2017,2119.199527,-1620.050315,6756.346471
08-07-2017,1721.318048,-2361.118892,5679.698149
09-07-2017,1903.604282,-2571.233037,5903.738779
10-07-2017,2111.536092,-1882.295332,6345.584858
11-07-2017,1527.803488,-2381.093534,5899.094822
12-07-2017,659.334159,-3827.98823,4931.211984
13-07-2017,1855.959905,-2279.757443,5905.972341
14-07-2017,2120.041663,-1977.282951,6174.238036
15-07-2017,1722.583439,-2369.632289,6289.52396
16-07-2017,1905.999599,-2262.470347,6397.433517
17-07-2017,2115.768019,-1890.298205,6064.913356
18-07-2017,1534.542878,-2564.778759,5934.411788
20-07-2017,1869.419965,-2295.289233,5912.10606
21-07-2017,2137.492095,-2173.110532,6221.414815
22-07-2017,1744.260174,-2390.455356,5778.179536
23-07-2017,1931.983434,-2219.895725,5955.113942
24-07-2017,2145.979471,-1884.091116,6388.61965
25-07-2017,1568.74451,-2249.038824,5597.386247
26-07-2017,706.9888273,-3450.724235,4659.636812
27-07-2017,1910.314143,-1632.486412,5964.729576
28-07-2017,2180.850268,-1988.279651,6632.401076
29-07-2017,1789.380892,-2175.176686,5471.747139
30-07-2017,1978.122564,-2352.01369,5938.116026
31-07-2017,2192.388888,-2068.412381,6752.832498
01-08-2017,1614.713366,-2225.16573,5625.240001
03-08-2017,1953.630205,-2293.082703,6142.854041
04-08-2017,2222.237922,-2113.529502,6125.918776
05-08-2017,1828.691794,-2328.264632,5843.929037
06-08-2017,2015.43957,-2250.675652,6714.633041
07-08-2017,2228.052266,-1859.5842,6482.593693
10-08-2017,1989.185259,-1986.521472,5913.957385
11-08-2017,2260.330689,-1862.207543,6472.804068
12-08-2017,1871.064866,-2178.300814,5978.06912
13-08-2017,2064.075747,-1884.431618,5948.453452
14-08-2017,2285.139644,-1875.164819,6300.000264
15-08-2017,1717.228509,-2767.253903,5691.859114
16-08-2017,867.5308976,-3451.442944,5129.418332
17-08-2017,2086.113812,-2379.447095,5836.285634
18-08-2017,2375.543129,-1847.014417,6488.26648
19-08-2017,2006.992984,-1810.309794,6088.218351
20-08-2017,2223.008598,-2015.355479,6401.744922
21-08-2017,2469.155098,-1671.496308,6324.677413
22-08-2017,1928.126184,-2086.433901,6034.83105
23-08-2017,1106.768209,-3027.792793,5303.261405
24-08-2017,2354.746811,-1796.662832,6169.534843
25-08-2017,2674.173721,-1691.996237,6655.488347
26-08-2017,2335.723971,-1521.472205,6384.69239
27-08-2017,2581.407831,-1329.290841,6572.514657
28-08-2017,2856.229796,-1217.833924,6759.090828
29-08-2017,2342.308274,-1824.649557,6400.076797
31-08-2017,2816.134851,-1182.62247,7081.972457
01-09-2017,3154.542081,-703.7893711,7394.331674
02-09-2017,2831.291778,-1313.546153,7194.726411
03-09-2017,3087.921761,-1069.934802,7522.356256
04-09-2017,3369.018303,-708.071455,7563.898622
05-09-2017,2856.345308,-1239.814804,7249.999625
07-09-2017,3316.539846,-863.3534919,7473.513107
08-09-2017,3639.743897,-294.0930973,7630.898735
09-09-2017,3295.628401,-1142.854375,7561.360114
10-09-2017,3525.790686,-471.6230417,7890.565001
11-09-2017,3774.967356,-462.3134624,7954.084065
12-09-2017,3225.162217,-971.6345738,7583.443107
13-09-2017,2382.687356,-1700.706318,6501.136353
14-09-2017,3596.844165,-210.9183638,7799.000582
15-09-2017,3869.561629,-397.7175248,7798.255421
16-09-2017,3471.521851,-874.4796783,7890.729871
17-09-2017,3644.936986,-334.9464889,7927.091602
18-09-2017,3835.209811,-178.5917681,7646.253769
19-09-2017,3225.05153,-1097.635066,7309.886553
20-09-2017,2321.512167,-1638.459714,6768.203294
21-09-2017,3474.650535,-663.9110264,7778.512448
22-09-2017,3687.161297,-574.3617159,7758.090348
23-09-2017,3230.489301,-794.2996985,7359.974258
24-09-2017,3347.59553,-635.0781279,7407.195405
25-09-2017,3484.607073,-554.8151834,7725.969551
26-09-2017,2824.924866,-1311.569507,7279.729034
28-09-2017,2989.218507,-794.4449792,7196.601773
29-09-2017,3167.073814,-802.8963624,7261.49792
30-09-2017,2681.721148,-1555.743635,7041.091639
01-10-2017,2776.514251,-1333.542915,7307.566536
02-10-2017,2897.89527,-1380.706329,7040.422179
03-10-2017,2229.498767,-2371.788414,6364.901603
04-10-2017,1279.170043,-2785.801808,5526.993842
05-10-2017,2397.624836,-1453.310823,6658.894973
06-10-2017,2588.068018,-1665.867822,6642.603811
07-10-2017,2122.301475,-1994.822724,6188.693598
08-10-2017,2243.485561,-2044.138092,6047.25588
09-10-2017,2397.7865,-1657.011897,6613.729939
10-10-2017,1768.483485,-2531.479097,6178.293195
12-10-2017,2031.522699,-2072.66253,6026.649826
13-10-2017,2276.716593,-1748.200483,6624.455192
14-10-2017,1869.748044,-2146.204991,5635.303198
15-10-2017,2053.098576,-2340.665756,6308.571348
16-10-2017,2272.210646,-1637.361501,6442.751447
17-10-2017,1709.602809,-2662.27683,6113.748705
19-10-2017,2108.509821,-1984.101681,6615.532077
20-10-2017,2421.250722,-1940.302718,6644.665898
21-10-2017,2080.481497,-2048.944829,6110.313106
22-10-2017,2327.877044,-1537.062606,6390.675152
23-10-2017,2608.094232,-1485.747872,6625.34661
24-10-2017,2102.897589,-2399.669794,6188.914006
26-10-2017,2602.749834,-1619.331803,6695.904752
27-10-2017,2957.76816,-1758.652057,6841.93941
28-10-2017,2653.088817,-1437.465482,7041.860918
29-10-2017,2929.942589,-1316.949085,7132.761676
30-10-2017,3232.631282,-830.2836408,7314.011808
31-10-2017,2742.660506,-1238.442179,6861.051911
01-11-2017,1965.786947,-2715.066245,6063.130063
02-11-2017,3250.706786,-739.8521738,7715.529444
03-11-2017,3598.702473,-333.2902126,8176.939026
04-11-2017,3279.777633,-687.7143333,7582.672322
05-11-2017,3535.44407,-791.7569601,7772.597845
06-11-2017,3810.392846,-361.4608576,8057.771032
07-11-2017,3286.622774,-830.5105524,7084.609195
08-11-2017,2470.481385,-1503.580434,6565.397263
09-11-2017,3711.345075,-307.5502862,7872.464441
10-11-2017,4011.255665,-109.9241329,8289.329271
11-11-2017,3641.04328,-337.8903053,7666.580297
12-11-2017,3843.099635,-54.24631678,8152.32553
13-11-2017,4063.033926,-249.8418897,8180.313608
14-11-2017,3483.784886,-642.6274655,7730.954509
15-11-2017,2612.644364,-1421.672081,6983.01377
16-11-2017,3799.919442,-343.2686019,7889.55528
17-11-2017,4048.550695,-198.8624188,8302.93862
18-11-2017,3630.216856,-626.865034,7652.472084
19-11-2017,3788.090396,-579.5941987,8129.318771
20-11-2017,3968.476597,-168.492436,8024.502583
21-11-2017,3354.910106,-682.9221645,7418.970385
22-11-2017,2455.164703,-1657.712799,6514.714584
23-11-2017,3619.903678,-648.2630584,7983.474591
24-11-2017,3852.288756,-237.2529188,7951.39266
25-11-2017,3424.078127,-573.0806165,7468.849368
26-11-2017,3578.378347,-504.6302579,7931.033132
27-11-2017,3761.282854,-539.0818193,7872.156067
28-11-2017,3155.971213,-955.976754,7376.699436
29-11-2017,2269.724875,-1671.243351,6290.562424
30-11-2017,3452.586794,-699.1105954,7973.241994
01-12-2017,3706.982736,-425.6783427,7851.736488
02-12-2017,3303.834655,-1194.910677,7628.758037
03-12-2017,3485.330602,-724.4561393,7591.440972
04-12-2017,3696.583596,-291.5619572,7803.491429
05-12-2017,3119.753142,-828.6080888,7414.169615
06-12-2017,2261.0847,-1945.431877,6335.013414
07-12-2017,3469.593949,-469.5200919,7574.467689
08-12-2017,3746.713091,-393.2216764,8254.296092
09-12-2017,3362.428997,-995.8734164,7680.337773
10-12-2017,3558.077054,-473.5913305,7954.595923
11-12-2017,3778.022554,-252.8368175,8112.029192
13-12-2017,2341.18411,-1589.249492,6364.417024
14-12-2017,3538.861824,-393.6245268,7554.343764
15-12-2017,3798.11719,-450.124758,7770.359596
16-12-2017,3388.963494,-953.088964,7725.589585
17-12-2017,3552.943274,-882.2759473,7623.464462
18-12-2017,3734.808848,-382.6177731,7883.215657
19-12-2017,3116.659095,-1018.921652,7039.819764
20-12-2017,2204.987286,-2026.076425,6677.872217
21-12-2017,3349.366435,-850.04753,7478.619337
22-12-2017,3552.089237,-527.5116938,7675.423943
23-12-2017,3084.292367,-1191.607568,7335.358436
24-12-2017,3188.729188,-940.1175301,7361.251848
25-12-2017,3311.423041,-801.1176209,7398.970892
26-12-2017,2635.774763,-1267.758522,6735.924174
27-12-2017,1669.579894,-2700.357258,5576.721213
28-12-2017,2763.682776,-1694.977738,6553.686928
29-12-2017,2921.585357,-1212.556759,7056.062367
30-12-2017,2415.541245,-1842.377503,6544.523295
31-12-2017,2489.299817,-1695.437657,6948.939262
01-01-2018,2589.733291,-1512.893275,7000.60276
02-01-2018,1900.921083,-2630.125136,6100.839488
03-01-2018,931.147556,-3498.196429,4770.656672
04-01-2018,2031.540878,-2216.730214,6370.222292
05-01-2018,2205.671275,-1946.114667,6212.896087
06-01-2018,1725.639555,-2330.30361,5899.541873
07-01-2018,1834.820913,-2210.669741,6058.524427
08-01-2018,1979.497043,-2211.4604,6201.765176
09-01-2018,1342.950832,-2546.562654,5467.032246
10-01-2018,432.4795563,-3822.148448,4690.551198
11-01-2018,1598.054041,-2565.128834,5575.511433
12-01-2018,1841.941594,-2170.953795,5828.049609
13-01-2018,1434.823086,-3053.190202,5412.941009
14-01-2018,1618.568543,-2538.244048,5571.611635
15-01-2018,1837.903523,-2554.642395,6041.840664
16-01-2018,1274.539778,-2609.832932,5526.378466
17-01-2018,434.2252502,-3750.133009,4792.786556
18-01-2018,1665.439967,-2395.635489,5726.949377
19-01-2018,1969.054782,-2337.920796,6195.24801
20-01-2018,1614.482413,-2475.249735,5509.305727
21-01-2018,1842.484319,-2585.482145,6132.771735
22-01-2018,2096.864882,-2046.296493,6189.758596
23-01-2018,1558.625687,-2832.420091,5720.144092
24-01-2018,733.0343235,-3727.351184,4786.359375
25-01-2018,1968.333769,-2070.762837,6006.546881
26-01-2018,2265.408923,-1846.368318,6314.94046
27-01-2018,1893.939487,-2308.724138,6141.687207
28-01-2018,2095.202646,-1961.12698,6316.753713
29-01-2018,2313.757062,-1705.912365,6531.569883
30-01-2018,1731.581153,-2377.045653,5645.327464
31-01-2018,855.1204483,-3168.429465,4885.409546
01-02-2018,2033.970538,-2220.434333,6086.083543
02-02-2018,2270.51279,-1640.281925,6615.124642
03-02-2018,1836.032755,-2423.66709,5951.948118
04-02-2018,1973.485521,-1694.835656,5851.225398
05-02-2018,2129.140403,-1928.752198,6192.867609
06-02-2018,1486.678896,-2585.867154,5589.990758
07-02-2018,554.2016417,-3572.134639,4633.954279
08-02-2018,1682.871905,-2561.451009,5615.643167
09-02-2018,1876.513684,-2146.396129,5949.744299
10-02-2018,1407.695311,-2841.088005,5425.036471
11-02-2018,1520.463622,-2528.278548,5697.911211
12-02-2018,1661.961879,-2348.603216,5952.77414
13-02-2018,1016.506019,-2900.100055,5205.296806
14-02-2018,92.57550481,-3825.006697,4461.46733
15-02-2018,1241.446694,-2759.872949,5720.559441
16-02-2018,1466.787097,-2531.82601,5820.169093
17-02-2018,1040.741477,-3357.505899,5368.064112
18-02-2018,1206.674825,-2983.387312,5277.396261
19-02-2018,1410.805186,-2880.202114,5560.305669
20-02-2018,836.3005377,-3286.092487,5178.595049
21-02-2018,-9.704472611,-4130.939933,3998.381002
22-02-2018,1222.55533,-3041.920515,5285.360785
23-02-2018,1535.104278,-2781.058083,6149.387209
24-02-2018,1198.349381,-2891.294402,5272.588817
25-02-2018,1453.862855,-2886.289691,5688.697343
26-02-2018,1746.055705,-2446.671146,6085.477432
27-02-2018,1256.315556,-2591.568129,5547.34017
28-02-2018,490.0635735,-3992.243917,4649.750318
01-03-2018,1795.45677,-2249.360397,6082.864474
02-03-2018,2173.05244,-1856.631607,6515.194905
03-03-2018,1891.963988,-2028.275713,5877.99566
04-03-2018,2192.671538,-2170.887302,6404.031516
05-03-2018,2518.718685,-1713.696358,6515.382059
06-03-2018,2050.868108,-2334.123877,6298.752476
07-03-2018,1294.170459,-2796.579137,5376.246077
08-03-2018,2596.672621,-1779.430386,6584.070608
09-03-2018,2959.081956,-1044.907254,7195.010785
10-03-2018,2650.915892,-1365.645987,6738.299824
11-03-2018,2913.300434,-1161.464621,7087.070004
12-03-2018,3190.649325,-1301.498254,7253.484595
13-03-2018,2664.79705,-1524.295593,6905.340052
14-03-2018,1842.040711,-2219.883855,6043.6771
15-03-2018,3071.817559,-975.3099925,7247.945755
16-03-2018,3356.335621,-886.3778817,7549.648926
17-03-2018,2966.687592,-1230.879435,7164.691155
18-03-2018,3145.612503,-779.2153919,7200.844216
19-03-2018,3339.137779,-968.8974107,7493.564736
20-03-2018,2730.675808,-1393.441493,6917.36175
21-03-2018,1828.030913,-2365.796089,5989.140868
22-03-2018,2982.044354,-1112.592849,7131.817195
23-03-2018,3196.195537,-1306.511145,7624.27379
24-03-2018,2742.690303,-1303.367543,6788.13995
25-03-2018,2865.201324,-975.6607578,7236.727274
26-03-2018,3010.493716,-981.1511941,7002.554502
27-03-2018,2362.510258,-1932.694643,6436.841383
28-03-2018,1429.372332,-2511.259525,5605.179586
29-03-2018,2562.024228,-1501.15026,6596.79201
30-03-2018,2763.838912,-1291.838289,6662.819718
